method,n_features,test_r2,test_mse,cv_r2_mean,cv_r2_std
RL (PPO),18,0.9543598048048784,0.07063111807587404,0.9270769250612962,0.025394813417752796
LassoCV,11,0.9735762029326032,0.04089251421255383,0.9707474971422471,0.010954456116157908
Forward Selection,18,0.9721716525575071,0.04306614565656495,0.9715900658903159,0.008791755360004126
RFE,18,0.9713009180182078,0.04441366298849259,0.9682386312102291,0.008061314108150336
All Features,50,0.9663969157827264,0.05200291977098044,0.9362028537693676,0.012712772800619776
